{
    "total_runtime": 672.6084842681885,
    "num_documents": 1,
    "input_load_time": 0,
    "workflows": {
        "create_base_text_units": {
            "overall": 0.2970442771911621,
            "0_orderby": 0.003091573715209961,
            "1_zip": 0.004090547561645508,
            "2_aggregate_override": 0.0058002471923828125,
            "3_chunk": 0.22835922241210938,
            "4_select": 0.004523038864135742,
            "5_unroll": 0.006069183349609375,
            "6_rename": 0.004785776138305664,
            "7_genid": 0.007717132568359375,
            "8_unzip": 0.005783796310424805,
            "9_copy": 0.0054988861083984375,
            "10_filter": 0.0185546875
        },
        "create_base_extracted_entities": {
            "overall": 350.29247546195984,
            "0_entity_extract": 350.1594924926758,
            "1_merge_graphs": 0.11806631088256836,
            "2_snapshot_rows": 0.008386373519897461
        },
        "create_summarized_entities": {
            "overall": 74.59544372558594,
            "0_summarize_descriptions": 74.57947158813477,
            "1_snapshot_rows": 0.009010791778564453
        },
        "create_base_entity_graph": {
            "overall": 0.23779869079589844,
            "0_cluster_graph": 0.19540715217590332,
            "1_snapshot_rows": 0.012805700302124023,
            "2_snapshot_rows": 0.011824846267700195,
            "3_select": 0.00970458984375
        },
        "create_final_entities": {
            "overall": 1.8867814540863037,
            "0_unpack_graph": 0.3718104362487793,
            "1_rename": 0.012677192687988281,
            "2_select": 0.022142887115478516,
            "3_dedupe": 0.021459579467773438,
            "4_rename": 0.02095770835876465,
            "5_filter": 0.04463338851928711,
            "6_text_split": 0.021394729614257812,
            "7_drop": 0.016248464584350586,
            "8_merge": 0.13289809226989746,
            "9_text_embed": 1.1565649509429932,
            "10_drop": 0.013323783874511719,
            "11_filter": 0.03859138488769531
        },
        "create_final_nodes": {
            "overall": 0.8539471626281738,
            "0_layout_graph": 0.3222222328186035,
            "1_unpack_graph": 0.25243616104125977,
            "2_unpack_graph": 0.07443618774414062,
            "3_filter": 0.04508161544799805,
            "4_drop": 0.014825820922851562,
            "5_select": 0.015753746032714844,
            "6_rename": 0.016976356506347656,
            "7_join": 0.024540185928344727,
            "8_convert": 0.054422616958618164,
            "9_rename": 0.016818761825561523
        },
        "create_final_communities": {
            "overall": 0.7147586345672607,
            "0_unpack_graph": 0.12011551856994629,
            "1_unpack_graph": 0.07336187362670898,
            "2_aggregate_override": 0.023142337799072266,
            "3_join": 0.02932286262512207,
            "4_join": 0.041655778884887695,
            "5_concat": 0.0310211181640625,
            "6_filter": 0.18886399269104004,
            "7_aggregate_override": 0.027140140533447266,
            "8_join": 0.024628400802612305,
            "9_filter": 0.04449605941772461,
            "10_fill": 0.020453214645385742,
            "11_merge": 0.030826330184936523,
            "12_copy": 0.019719839096069336,
            "13_select": 0.023377180099487305
        },
        "join_text_units_to_entity_ids": {
            "overall": 0.09793710708618164,
            "0_select": 0.023237228393554688,
            "1_unroll": 0.02329540252685547,
            "2_aggregate_override": 0.030489683151245117
        },
        "create_final_relationships": {
            "overall": 0.39241933822631836,
            "0_unpack_graph": 0.0816807746887207,
            "1_filter": 0.06609177589416504,
            "2_rename": 0.029037952423095703,
            "3_filter": 0.06422233581542969,
            "4_drop": 0.02328634262084961,
            "5_compute_edge_combined_degree": 0.02830219268798828,
            "6_convert": 0.05094766616821289,
            "7_convert": 0.026682376861572266
        },
        "join_text_units_to_relationship_ids": {
            "overall": 0.19621491432189941,
            "0_select": 0.036258697509765625,
            "1_unroll": 0.0419468879699707,
            "2_aggregate_override": 0.053746700286865234,
            "3_select": 0.039721012115478516
        },
        "create_final_community_reports": {
            "overall": 238.28914952278137,
            "0_prepare_community_reports_nodes": 0.04239487648010254,
            "1_prepare_community_reports_edges": 0.032889366149902344,
            "2_restore_community_hierarchy": 0.03420138359069824,
            "3_prepare_community_reports": 0.2769789695739746,
            "4_create_community_reports": 237.82592606544495,
            "5_window": 0.05053234100341797
        },
        "create_final_text_units": {
            "overall": 0.22505497932434082,
            "0_select": 0.029384613037109375,
            "1_rename": 0.030963659286499023,
            "2_join": 0.035134077072143555,
            "3_join": 0.03493499755859375,
            "4_aggregate_override": 0.031407833099365234,
            "5_select": 0.03486490249633789
        },
        "create_base_documents": {
            "overall": 0.3752140998840332,
            "0_unroll": 0.03236651420593262,
            "1_select": 0.03192472457885742,
            "2_rename": 0.03212904930114746,
            "3_join": 0.036925554275512695,
            "4_aggregate_override": 0.0579676628112793,
            "5_join": 0.05068063735961914,
            "6_rename": 0.03337597846984863,
            "7_convert": 0.06889510154724121
        },
        "create_final_documents": {
            "overall": 0.06625986099243164,
            "0_rename": 0.03325295448303223
        }
    }
}