{
    "total_runtime": 3439.173685312271,
    "num_documents": 12,
    "input_load_time": 0,
    "workflows": {
        "create_base_text_units": {
            "overall": 0.9886794090270996,
            "0_orderby": 0.003880739212036133,
            "1_zip": 0.0048139095306396484,
            "2_aggregate_override": 0.008514642715454102,
            "3_chunk": 0.8861970901489258,
            "4_select": 0.005261421203613281,
            "5_unroll": 0.007972002029418945,
            "6_rename": 0.005549192428588867,
            "7_genid": 0.023626327514648438,
            "8_unzip": 0.0068204402923583984,
            "9_copy": 0.0056972503662109375,
            "10_filter": 0.027460336685180664
        },
        "create_base_extracted_entities": {
            "overall": 2453.231338262558,
            "0_entity_extract": 2452.78342795372,
            "1_merge_graphs": 0.44048309326171875
        },
        "create_summarized_entities": {
            "overall": 257.4960377216339,
            "0_summarize_descriptions": 257.48930382728577
        },
        "create_base_entity_graph": {
            "overall": 1.2512776851654053,
            "0_cluster_graph": 1.2307720184326172,
            "1_select": 0.009119987487792969
        },
        "create_final_entities": {
            "overall": 3.076183319091797,
            "0_unpack_graph": 0.4312722682952881,
            "1_rename": 0.009884357452392578,
            "2_select": 0.009692192077636719,
            "3_dedupe": 0.010707616806030273,
            "4_rename": 0.010300159454345703,
            "5_filter": 0.034369707107543945,
            "6_text_split": 0.023386478424072266,
            "7_drop": 0.011214256286621094,
            "8_merge": 0.22890710830688477,
            "9_text_embed": 2.2486088275909424,
            "10_drop": 0.012342214584350586,
            "11_filter": 0.03715682029724121
        },
        "create_final_nodes": {
            "overall": 3.1773173809051514,
            "0_layout_graph": 1.6939566135406494,
            "1_unpack_graph": 0.7387113571166992,
            "2_unpack_graph": 0.5171561241149902,
            "3_drop": 0.014111518859863281,
            "4_filter": 0.07233524322509766,
            "5_select": 0.015711307525634766,
            "6_rename": 0.014562129974365234,
            "7_convert": 0.05454111099243164,
            "8_join": 0.02745795249938965,
            "9_rename": 0.01589822769165039
        },
        "create_final_communities": {
            "overall": 2.7583565711975098,
            "0_unpack_graph": 0.5238785743713379,
            "1_unpack_graph": 0.5099151134490967,
            "2_aggregate_override": 0.08081173896789551,
            "3_join": 0.048642635345458984,
            "4_join": 0.0575709342956543,
            "5_concat": 0.021054506301879883,
            "6_filter": 1.1792798042297363,
            "7_aggregate_override": 0.08705019950866699,
            "8_join": 0.023294448852539062,
            "9_filter": 0.04307746887207031,
            "10_fill": 0.020145654678344727,
            "11_merge": 0.07963204383850098,
            "12_copy": 0.04018831253051758,
            "13_select": 0.026876449584960938
        },
        "join_text_units_to_entity_ids": {
            "overall": 0.17049407958984375,
            "0_select": 0.02781057357788086,
            "1_unroll": 0.03788924217224121,
            "2_aggregate_override": 0.08509445190429688
        },
        "create_final_relationships": {
            "overall": 0.9332661628723145,
            "0_unpack_graph": 0.4859163761138916,
            "1_filter": 0.09633088111877441,
            "2_rename": 0.03514552116394043,
            "3_filter": 0.16832542419433594,
            "4_drop": 0.02219247817993164,
            "5_compute_edge_combined_degree": 0.02730536460876465,
            "6_convert": 0.05103254318237305,
            "7_convert": 0.02608323097229004
        },
        "join_text_units_to_relationship_ids": {
            "overall": 0.16139554977416992,
            "0_select": 0.024934768676757812,
            "1_unroll": 0.026994943618774414,
            "2_aggregate_override": 0.06166577339172363,
            "3_select": 0.02444314956665039
        },
        "create_final_community_reports": {
            "overall": 711.513352394104,
            "0_prepare_community_reports_nodes": 0.07401323318481445,
            "1_prepare_community_reports_edges": 0.04476428031921387,
            "2_restore_community_hierarchy": 0.05059337615966797,
            "3_prepare_community_reports": 1.0790233612060547,
            "4_create_community_reports": 710.1979565620422,
            "5_window": 0.029036283493041992
        },
        "create_final_text_units": {
            "overall": 0.2189188003540039,
            "0_select": 0.028763771057128906,
            "1_rename": 0.027707338333129883,
            "2_join": 0.03598928451538086,
            "3_join": 0.0364985466003418,
            "4_aggregate_override": 0.03305196762084961,
            "5_select": 0.030107498168945312
        },
        "create_base_documents": {
            "overall": 0.3658714294433594,
            "0_unroll": 0.03132891654968262,
            "1_select": 0.03049492835998535,
            "2_rename": 0.03166317939758301,
            "3_join": 0.03620100021362305,
            "4_aggregate_override": 0.03317594528198242,
            "5_join": 0.03979754447937012,
            "6_rename": 0.03529930114746094,
            "7_convert": 0.0991964340209961
        },
        "create_final_documents": {
            "overall": 0.06437206268310547,
            "0_rename": 0.03225350379943848
        }
    }
}