{
    "total_runtime": 198.87977123260498,
    "num_documents": 12,
    "input_load_time": 0,
    "workflows": {
        "create_base_text_units": {
            "overall": 0.4153163433074951,
            "0_orderby": 0.003408193588256836,
            "1_zip": 0.003997802734375,
            "2_aggregate_override": 0.006423234939575195,
            "3_chunk": 0.319810152053833,
            "4_select": 0.004319190979003906,
            "5_unroll": 0.0061223506927490234,
            "6_rename": 0.004735469818115234,
            "7_genid": 0.019527435302734375,
            "8_unzip": 0.00678706169128418,
            "9_copy": 0.005533695220947266,
            "10_filter": 0.03181648254394531
        },
        "create_base_extracted_entities": {
            "overall": 1.9455337524414062,
            "0_entity_extract": 1.496128797531128,
            "1_merge_graphs": 0.43323564529418945,
            "2_snapshot_rows": 0.010193347930908203
        },
        "create_summarized_entities": {
            "overall": 3.3688483238220215,
            "0_summarize_descriptions": 3.3515520095825195,
            "1_snapshot_rows": 0.010421991348266602
        },
        "create_base_entity_graph": {
            "overall": 1.197660207748413,
            "0_cluster_graph": 1.143829107284546,
            "1_snapshot_rows": 0.019415855407714844,
            "2_snapshot_rows": 0.016433238983154297,
            "3_select": 0.00930023193359375
        },
        "create_final_entities": {
            "overall": 1.961677074432373,
            "0_unpack_graph": 0.5372037887573242,
            "1_rename": 0.010689735412597656,
            "2_select": 0.011366128921508789,
            "3_dedupe": 0.011593818664550781,
            "4_rename": 0.012233972549438477,
            "5_filter": 0.0348210334777832,
            "6_text_split": 0.027827024459838867,
            "7_drop": 0.011703252792358398,
            "8_merge": 0.18760943412780762,
            "9_text_embed": 1.0472464561462402,
            "10_drop": 0.018063783645629883,
            "11_filter": 0.041710615158081055
        },
        "create_final_nodes": {
            "overall": 3.2295992374420166,
            "0_layout_graph": 1.7705044746398926,
            "1_unpack_graph": 0.704779863357544,
            "2_unpack_graph": 0.4961824417114258,
            "3_drop": 0.015331029891967773,
            "4_filter": 0.09903764724731445,
            "5_select": 0.015894174575805664,
            "6_rename": 0.01562952995300293,
            "7_join": 0.027848482131958008,
            "8_convert": 0.053203582763671875,
            "9_rename": 0.017714500427246094
        },
        "create_final_communities": {
            "overall": 3.148927688598633,
            "0_unpack_graph": 0.5300078392028809,
            "1_unpack_graph": 0.5488078594207764,
            "2_aggregate_override": 0.021928071975708008,
            "3_join": 0.040605783462524414,
            "4_join": 0.042285919189453125,
            "5_concat": 0.019956588745117188,
            "6_filter": 1.6415276527404785,
            "7_aggregate_override": 0.09542489051818848,
            "8_join": 0.024296283721923828,
            "9_filter": 0.046689748764038086,
            "10_fill": 0.02339768409729004,
            "11_merge": 0.055509328842163086,
            "12_copy": 0.020803213119506836,
            "13_select": 0.02057790756225586
        },
        "join_text_units_to_entity_ids": {
            "overall": 0.1319739818572998,
            "0_select": 0.021332979202270508,
            "1_unroll": 0.02376246452331543,
            "2_aggregate_override": 0.06610393524169922
        },
        "create_final_relationships": {
            "overall": 0.9979579448699951,
            "0_unpack_graph": 0.49723172187805176,
            "1_filter": 0.14399170875549316,
            "2_rename": 0.02371835708618164,
            "3_filter": 0.1641991138458252,
            "4_drop": 0.023397445678710938,
            "5_compute_edge_combined_degree": 0.02874755859375,
            "6_convert": 0.04877591133117676,
            "7_convert": 0.027660131454467773
        },
        "join_text_units_to_relationship_ids": {
            "overall": 0.18697118759155273,
            "0_select": 0.025793075561523438,
            "1_unroll": 0.02760791778564453,
            "2_aggregate_override": 0.06708145141601562,
            "3_select": 0.0417323112487793
        },
        "create_final_community_reports": {
            "overall": 177.62422108650208,
            "0_prepare_community_reports_nodes": 0.07462167739868164,
            "1_prepare_community_reports_edges": 0.04503345489501953,
            "2_restore_community_hierarchy": 0.04532122611999512,
            "3_prepare_community_reports": 1.0113136768341064,
            "4_create_community_reports": 176.39246559143066,
            "5_window": 0.029168128967285156
        },
        "create_final_text_units": {
            "overall": 0.2214069366455078,
            "0_select": 0.028615474700927734,
            "1_rename": 0.02906036376953125,
            "2_join": 0.03382539749145508,
            "3_join": 0.037935495376586914,
            "4_aggregate_override": 0.03311419486999512,
            "5_select": 0.030757427215576172
        },
        "create_base_documents": {
            "overall": 0.4378201961517334,
            "0_unroll": 0.03265690803527832,
            "1_select": 0.031501054763793945,
            "2_rename": 0.030910015106201172,
            "3_join": 0.03676486015319824,
            "4_aggregate_override": 0.0386812686920166,
            "5_join": 0.06228303909301758,
            "6_rename": 0.03456902503967285,
            "7_convert": 0.1352553367614746
        },
        "create_final_documents": {
            "overall": 0.06721806526184082,
            "0_rename": 0.034090518951416016
        }
    }
}